id,first_name,last_name,email,gender,ein,postal_code
1,Lauren,Demkowicz,ldemkowicz0@ustream.tv,Female,,8445
2,Agna,Calvie,,Female,74-4607603,4023
3,Titos,Seak,tseak2@yahoo.co.jp,Male,34-9106103,4940-342
4,Kayle,Pinfold,kpinfold3@yelp.com,Female,,
5,Carter,Kaveney,ckaveney4@jiathis.com,Male,95-6941630,
6,Gena,Fudger,gfudger5@ucoz.com,Female,,134548
7,Marmaduke,Pinnick,mpinnick6@purevolume.com,Male,,363001
8,Claudine,Monteith,cmonteith7@phoca.cz,Female,,
9,Dodi,Bubbins,,Female,,43000
10,Prudi,Hearl,phearl9@cnbc.com,Female,69-0891342,
11,Karyl,Shewen,kshewena@amazon.com,Female,,
12,Keith,De La Coste,kdelacosteb@i2i.jp,Male,,
13,Billye,Dovinson,bdovinsonc@barnesandnoble.com,Female,,
14,Lauree,Piscopo,,Female,,L3V
15,Sib,Saltwell,ssaltwelle@over-blog.com,Female,00-5877559,
16,Thurston,Antonoczyk,tantonoczykf@umn.edu,Male,,
17,Elspeth,Jagson,ejagsong@ask.com,Female,02-7576893,9261
18,Hillard,Withey,hwitheyh@about.me,Male,19-9315988,
19,Almira,Hubery,ahuberyi@fc2.com,Female,,
20,Cal,Hurdman,churdmanj@mapy.cz,Male,16-6315308,
21,Stephanus,Powles,spowlesk@ca.gov,Male,,
22,Seumas,Lambin,slambinl@wordpress.org,Male,,79934
23,Drusi,Thompkins,dthompkinsm@usnews.com,Female,,98-420
24,Zacharias,Bartholomew,zbartholomewn@sfgate.com,Male,,38051 CEDEX 9
25,Kalil,Totton,ktottono@bloglovin.com,Male,45-2079565,
26,Abbot,Partener,apartenerp@cargocollective.com,Male,03-9991793,70110
27,Xena,Marvelley,xmarvelleyq@webnode.com,Female,,
28,Harbert,Frounks,hfrounksr@techcrunch.com,Male,,
29,Giulia,Tindle,gtindles@marketwatch.com,Female,,1304
30,Melvyn,Scotter,mscottert@sourceforge.net,Male,,
31,Freddie,Pelcheur,fpelcheuru@usgs.gov,Female,54-9436052,63-642
32,Lucius,Akroyd,lakroydv@tiny.cc,Male,93-2232921,11205
33,Decca,Giannini,dgianniniw@abc.net.au,Male,,
34,Rosa,Marston,rmarstonx@marriott.com,Female,,
35,Esra,Barends,ebarendsy@cisco.com,Male,01-0946986,
36,Jodi,Rego,jregoz@ovh.net,Female,,01462
37,Meredeth,Joslyn,mjoslyn10@parallels.com,Male,22-7301296,4149
38,Nicolas,Heiner,nheiner11@gov.uk,Male,,20311 CEDEX 1
39,Darcy,Jeannenet,djeannenet12@ameblo.jp,Female,18-1334751,08-130
40,Sawyere,Meadley,smeadley13@hugedomains.com,Male,,
41,Benedikt,Kullmann,bkullmann14@ycombinator.com,Male,,
42,Claybourne,Branca,cbranca15@reddit.com,Male,,34747 CEDEX
43,Odey,Stoven,ostoven16@studiopress.com,Male,22-2054546,
44,Anatola,Peasey,apeasey17@gnu.org,Female,47-7870003,66110
45,Zarla,Egan,,Female,54-2052829,
46,Odell,Haston,ohaston19@princeton.edu,Male,,141667
47,Alistair,Kiddell,,Male,,5408
48,Nelie,Larrat,nlarrat1b@huffingtonpost.com,Female,52-5642675,J0R
49,Sampson,McGrane,smcgrane1c@patch.com,Male,,
50,Herby,Schuster,,Male,79-9459288,432980
51,Lizabeth,Dolling,ldolling1e@g.co,Female,96-0924426,
52,Gwendolin,Raycroft,graycroft1f@yahoo.com,Female,21-9626536,7461
53,Bryana,Mitchard,bmitchard1g@booking.com,Female,80-8685062,398 51
54,Deena,Patry,dpatry1h@cnet.com,Female,50-6819844,G7K
55,Marcela,Sanches,msanches1i@printfriendly.com,Female,00-6011576,2510-515
56,Danyelle,Rusted,drusted1j@squidoo.com,Female,06-9928816,
57,Hillier,Ebunoluwa,hebunoluwa1k@qq.com,Male,99-4294636,
58,Ronny,Ousley,rousley1l@livejournal.com,Female,,11503
59,Shell,Burgane,sburgane1m@ovh.net,Male,,3800-854
60,Teodor,Bozworth,tbozworth1n@auda.org.au,Male,,
61,Vinny,Rossant,,Male,,8970-055
62,Anne-corinne,Marchington,amarchington1p@so-net.ne.jp,Female,,10510
63,Bobine,Sear,bsear1q@sogou.com,Female,,
64,Carrol,Terne,cterne1r@va.gov,Male,21-3695559,
65,Eolande,Beuscher,ebeuscher1s@meetup.com,Female,,1495-005
66,Pepe,Higgonet,,Male,,
67,Sara,Mildenhall,smildenhall1u@wikispaces.com,Female,,59640
68,Simone,Middle,smiddle1v@ifeng.com,Female,44-4683539,
69,Tiffy,Clarey,,Female,64-6398544,
70,Buddie,Martello,bmartello1x@nhs.uk,Male,82-6599427,
71,Neill,Studman,nstudman1y@blogtalkradio.com,Male,,
72,Ab,Voaden,avoaden1z@tripadvisor.com,Male,,
73,Marsha,Ericssen,,Female,,
74,Pippa,Buntine,,Female,89-0630061,6430
75,Thaine,Milella,,Male,,13456 CEDEX 13
76,Jeffrey,Kolakowski,jkolakowski23@youtube.com,Male,94-0676112,
77,Shalne,Sushams,ssushams24@sitemeter.com,Female,,
78,Binnie,Kliemke,,Female,42-7429876,64300-000
79,Briant,Glide,bglide26@hatena.ne.jp,Male,33-5934405,
80,Issi,Hollows,,Female,,142191
81,Rosamond,Morman,rmorman28@netvibes.com,Female,,981-0503
82,Sandor,Andreolli,,Male,,
83,Annalee,Rowbottam,arowbottam2a@bandcamp.com,Female,,
84,Tonye,Strangward,tstrangward2b@noaa.gov,Female,,687 10
85,Averil,Duncanson,aduncanson2c@rambler.ru,Male,09-5359738,90451
86,Karoly,Randleson,krandleson2d@ifeng.com,Female,,32-615
87,Hollis,Knowler,hknowler2e@symantec.com,Male,50-3487629,186000
88,Venus,Guillotin,vguillotin2f@ucoz.ru,Female,,
89,Natassia,Gladden,ngladden2g@csmonitor.com,Female,94-7534188,2402
90,Ottilie,Tippell,otippell2h@domainmarket.com,Female,,
91,Leigh,Woodcock,lwoodcock2i@amazon.co.uk,Male,,
92,Sonny,Farrah,sfarrah2j@nbcnews.com,Female,,22179
93,Adolphe,Flexman,,Male,18-4366879,806 31
94,Reinaldos,Schach,rschach2l@wikispaces.com,Male,,4830-411
95,Artemus,Van Weedenburg,avanweedenburg2m@so-net.ne.jp,Male,,
96,Armin,Kimpton,akimpton2n@archive.org,Male,,
97,Bari,Gingell,,Female,88-2056808,P51
98,Hailey,Andreev,handreev2p@foxnews.com,Male,,
99,Debor,Coopey,dcoopey2q@behance.net,Female,60-5353581,
100,Alfredo,Raphael,araphael2r@patch.com,Male,83-5469523,
101,Rock,Huckin,rhuckin2s@meetup.com,Male,,
102,Kirk,Brenard,kbrenard2t@nih.gov,Male,,
103,Dael,Poytres,dpoytres2u@wp.com,Male,,9021
104,Delcine,Pennings,,Female,19-1483613,
105,Bernhard,Tremain,btremain2w@addtoany.com,Male,,
106,Lemmy,McCurt,lmccurt2x@sohu.com,Male,,
107,Elsi,Stirton,estirton2y@slideshare.net,Female,,
108,Rey,Gonin,rgonin2z@1und1.de,Female,,164 73
109,Helaina,Pavlitschek,hpavlitschek30@skyrock.com,Female,,
110,Irita,Ching,iching31@auda.org.au,Female,67-3234457,
111,Ugo,Philimore,,Male,,35087 CEDEX
112,Toby,Olyfant,tolyfant33@businesswire.com,Male,12-0658842,1225
113,Chad,McElree,cmcelree34@hostgator.com,Female,,56900-000
114,Luciana,Kilty,lkilty35@nbcnews.com,Female,,2775-035
115,Kippar,Surr,,Male,,
116,Christian,Rizzotto,,Male,65-2239462,606488
117,Elisha,Heinzel,eheinzel38@umn.edu,Male,,
118,Rhianon,Thickett,rthickett39@php.net,Female,10-4419333,
119,Carlye,Rohlfs,crohlfs3a@arizona.edu,Female,16-3142351,2236
120,Merv,Schermick,,Male,,4820-005
121,Hedvige,Patullo,hpatullo3c@google.com.au,Female,27-4800076,
122,Faulkner,Pettyfar,fpettyfar3d@mediafire.com,Male,,
123,Mehetabel,Reiling,mreiling3e@twitter.com,Female,12-0975918,8042
124,Cirilo,Edson,cedson3f@accuweather.com,Male,53-8756433,
125,Barret,Bouldon,bbouldon3g@wsj.com,Male,51-7573590,3850-312
126,Cairistiona,Brauns,cbrauns3h@sfgate.com,Female,,
127,Sheilakathryn,Bottjer,sbottjer3i@theguardian.com,Female,42-1631436,354084
128,Bab,Sharram,bsharram3j@imgur.com,Female,12-1689964,
129,Benjamin,Worsfold,bworsfold3k@tmall.com,Male,,
130,Garrott,Lambertazzi,glambertazzi3l@youtu.be,Male,,33150
131,Joscelin,Shawell,,Female,09-0168274,986-0705
132,Norean,Menguy,nmenguy3n@nasa.gov,Female,,98-338
133,Cassaundra,Deavin,,Female,,93160
134,Laural,Baitman,lbaitman3p@china.com.cn,Female,71-9655660,
135,Gunther,Derr,gderr3q@hhs.gov,Male,,93742
136,Delaney,Baynard,dbaynard3r@wunderground.com,Male,,
137,Bonita,Foggarty,bfoggarty3s@cyberchimps.com,Female,,32-447
138,Juli,Matyja,jmatyja3t@youtube.com,Female,,
139,Tiffani,Theuss,ttheuss3u@sakura.ne.jp,Female,94-2829206,L-6231
140,Herbie,Tring,htring3v@dropbox.com,Male,84-6619057,
141,Giacomo,Plank,,Male,,0794
142,Lorita,Foster-Smith,lfostersmith3x@amazon.co.uk,Female,,6313
143,Darbee,Bafford,,Male,,12440
144,Lynett,Grisenthwaite,lgrisenthwaite3z@cisco.com,Female,,
145,Retha,Winspar,,Female,,
146,Maud,Spatoni,mspatoni41@ihg.com,Female,,95118 CEDEX
147,Burnaby,Landreth,blandreth42@shop-pro.jp,Male,72-4542301,385741
148,Randy,Turfs,,Male,,
149,Herve,Janovsky,hjanovsky44@yellowpages.com,Male,,
150,Elbert,Cowlishaw,ecowlishaw45@diigo.com,Male,,
151,Dael,Huntriss,dhuntriss46@scribd.com,Female,13-5908875,330 03
152,Velvet,Fusco,vfusco47@noaa.gov,Female,,
153,Harrie,Gronowe,hgronowe48@infoseek.co.jp,Female,,
154,Johnnie,Ackerley,jackerley49@gmpg.org,Male,,67131
155,Butch,Davoren,bdavoren4a@dedecms.com,Male,,659507
156,Molli,Eddie,meddie4b@wsj.com,Female,09-2011861,
157,Adriane,Bourhill,abourhill4c@netlog.com,Female,,53716
158,Millisent,Prujean,mprujean4d@ovh.net,Female,12-6607499,
159,Kathi,Lensch,klensch4e@samsung.com,Female,,32-854
160,Vinson,Staff,vstaff4f@uiuc.edu,Male,36-0907976,
161,Colet,Cockcroft,,Male,33-7720656,
162,Wynn,Cahan,wcahan4h@yandex.ru,Male,,
163,Lucie,Gallacher,lgallacher4i@storify.com,Female,15-8125036,681 84
164,Deny,Bissett,dbissett4j@patch.com,Female,,
165,Sidnee,Fagg,,Male,,
166,Ivette,Cattle,icattle4l@webnode.com,Female,,
167,Pennie,Taylder,ptaylder4m@hud.gov,Female,87-7226686,
168,Lulita,De Gowe,ldegowe4n@hatena.ne.jp,Female,29-4620447,39330-000
169,Spencer,Lacaze,slacaze4o@hc360.com,Male,,
170,Abigale,Rockwill,,Female,07-4774750,755 01
171,Anallise,Marshfield,amarshfield4q@google.de,Female,,
172,Killie,Matusevich,kmatusevich4r@purevolume.com,Male,,
173,Udale,Blackburne,,Male,27-3954334,
174,Ambrose,Hallam,ahallam4t@lulu.com,Male,,
175,Gennie,Tabert,gtabert4u@behance.net,Female,58-2589110,
176,Michele,Clapton,,Male,,
177,Padget,Cino,pcino4w@aboutads.info,Male,,
178,Cal,Strodder,cstrodder4x@boston.com,Female,55-4699024,2007
179,Helga,Stigers,hstigers4y@studiopress.com,Female,,
180,Lilly,Boate,lboate4z@nyu.edu,Female,,93-154
181,Candide,Drummond,cdrummond50@discuz.net,Female,25-2504052,
182,Regina,MacTrustey,rmactrustey51@drupal.org,Female,,230029
183,Tymothy,Garbar,,Male,,2550
184,Kasey,McCuthais,kmccuthais53@techcrunch.com,Female,89-2920056,
185,Jed,Heugh,jheugh54@rediff.com,Male,,
186,Korie,McCloch,kmccloch55@google.co.uk,Female,,
187,Maryjo,Gras,,Female,,
188,Stevie,Finessy,,Male,26-6204227,
189,Coleman,Attoe,cattoe58@intel.com,Male,63-0653448,
190,Jackie,Silverlock,jsilverlock59@mit.edu,Male,,2433
191,Titus,Benezet,,Male,65-7795254,GU32
192,Lorelle,Normington,lnormington5b@google.de,Female,,
193,Ola,Dannett,odannett5c@netscape.com,Female,,
194,Jud,Atyeo,jatyeo5d@clickbank.net,Male,,34308
195,Cyrus,Cuolahan,,Male,,
196,Ricky,MacDwyer,,Male,,
197,Fleming,Tapenden,ftapenden5g@phoca.cz,Male,,
198,Roberto,Crowley,rcrowley5h@house.gov,Male,,13690-000
199,Edy,Tillett,etillett5i@quantcast.com,Female,,956-0861
200,Elsworth,Bish,ebish5j@nasa.gov,Male,,
201,Fin,Smallcombe,fsmallcombe5k@mail.ru,Male,,4325
202,Silvia,Erskine Sandys,,Female,,9408
203,Nil,Breakspear,nbreakspear5m@joomla.org,Male,,
204,Thomasa,Odney,,Female,60-0890847,901-0336
205,Harvey,Everard,heverard5o@aboutads.info,Male,,
206,Maje,Levi,mlevi5p@ehow.com,Male,,7202
207,Whitman,Gircke,wgircke5q@merriam-webster.com,Male,69-9625591,544017
208,Nichole,Munt,nmunt5r@ning.com,Male,,
209,Jeni,Rosini,jrosini5s@storify.com,Female,,397440
210,Erhard,Kenington,ekenington5t@hibu.com,Male,21-7110339,692-0212
211,Thomasine,felip,tfelip5u@pen.io,Female,,
212,Berkly,Molen,bmolen5v@friendfeed.com,Male,86-0351509,
213,Coraline,Jina,cjina5w@senate.gov,Female,,44105
214,Cate,Kordova,ckordova5x@fema.gov,Female,33-5033438,
215,Temple,Duffil,tduffil5y@wsj.com,Male,02-6166230,
216,Carter,Marcus,,Male,,824-0233
217,Gretal,Silbermann,gsilbermann60@discovery.com,Female,98-8707493,31039 CEDEX 9
218,Tresa,Herculeson,,Female,,2870-514
219,Rebe,Konert,rkonert62@omniture.com,Female,62-4162312,8423
220,Shayne,Mayhead,smayhead63@geocities.jp,Male,26-5140299,
221,Linc,Freeberne,lfreeberne64@forbes.com,Male,34-8774142,
222,Broderick,Colhoun,bcolhoun65@woothemes.com,Male,,
223,Bobbee,Salvin,,Female,,
224,Kippie,Neads,kneads67@noaa.gov,Female,,
225,Frannie,Goodisson,fgoodisson68@cnbc.com,Male,,31150
226,Diarmid,Shemmin,dshemmin69@liveinternet.ru,Male,,2785-549
227,Liva,Goffe,lgoffe6a@mac.com,Female,,152429
228,Barth,Chelsom,,Male,,232008
229,Vincents,Drakeley,vdrakeley6c@examiner.com,Male,15-1936697,38950-000
230,Minta,Ayer,mayer6d@scribd.com,Female,,989-1323
231,Mile,Orred,morred6e@thetimes.co.uk,Male,,
232,Chickie,Glenwright,cglenwright6f@theatlantic.com,Male,,
233,Huntington,Scanlan,hscanlan6g@dagondesign.com,Male,,22313
234,Janeczka,Nisbet,jnisbet6h@earthlink.net,Female,74-8919498,99047
235,Filberte,Essberger,fessberger6i@bloglines.com,Male,,66120
236,Gibbie,Derbyshire,gderbyshire6j@tinypic.com,Male,94-4773666,21747
237,Darrell,Donne,,Male,54-5200789,2800-011
238,Maddalena,Garner,mgarner6l@squarespace.com,Female,,95520-000
239,Karie,Gomme,kgomme6m@independent.co.uk,Female,,K36
240,Humphrey,Edon,hedon6n@vistaprint.com,Male,40-8092929,
241,Starla,Grindle,sgrindle6o@latimes.com,Female,,4430
242,Mae,Tidbury,mtidbury6p@liveinternet.ru,Female,,9204
243,Damian,Dix,ddix6q@sciencedaily.com,Male,,38816 CEDEX 1
244,Nickie,Willacot,nwillacot6r@epa.gov,Male,78-3791804,
245,Ag,MacDougall,amacdougall6s@hubpages.com,Female,55-6418763,
246,Rhett,Heinl,rheinl6t@canalblog.com,Male,,453 22
247,Mareah,Outerbridge,mouterbridge6u@taobao.com,Female,21-3055230,
248,Jacynth,Sharrard,jsharrard6v@symantec.com,Female,,40000
249,Kimberli,Richford,krichford6w@wisc.edu,Female,,
250,Rubina,Ragate,rragate6x@wufoo.com,Female,06-6203306,
251,Romain,Nilles,rnilles6y@dyndns.org,Male,01-0469987,4332
252,Bernita,Barron,bbarron6z@engadget.com,Female,,768 05
253,Maegan,Whaley,mwhaley70@bbb.org,Female,,
254,Marni,Saffrin,msaffrin71@rediff.com,Female,,
255,Daniele,Cudde,dcudde72@posterous.com,Female,89-7099363,
256,Orlando,McGurk,omcgurk73@toplist.cz,Male,53-5113766,3514
257,Frazer,Anstis,fanstis74@tripod.com,Male,,
258,Robinson,Stelfax,rstelfax75@deviantart.com,Male,,2170
259,Emelda,Emmet,eemmet76@nytimes.com,Female,,588 33
260,Orin,Finicj,ofinicj77@usnews.com,Male,92-0011773,4022
261,Yvon,Quittonden,yquittonden78@reference.com,Male,,
262,Vail,Chorley,vchorley79@about.me,Male,02-0838174,
263,Mil,Lyes,mlyes7a@mozilla.org,Female,,357128
264,Kin,Daunter,kdaunter7b@simplemachines.org,Male,,
265,Jori,Tezure,jtezure7c@chron.com,Female,14-4840286,9595
266,Murdock,Fisher,,Male,00-6696418,338 01
267,Ara,Solland,asolland7e@devhub.com,Female,,
268,Kalindi,Veelers,kveelers7f@java.com,Female,,
269,Brook,Laraway,,Male,,8045
270,Zerk,Sheerin,zsheerin7h@cargocollective.com,Male,,97240
271,Nike,Antonov,nantonov7i@amazon.co.jp,Female,95-9866603,791 70
272,Cordi,Grishanin,,Female,65-8862360,418 03
273,Rayner,Goning,rgoning7k@sitemeter.com,Male,34-8517139,19-330
274,Mercy,Fulker,mfulker7l@redcross.org,Female,,427011
275,Maura,Jewsbury,mjewsbury7m@xrea.com,Female,,
276,Gaby,Lethcoe,glethcoe7n@studiopress.com,Female,,
277,Joelly,Windrass,jwindrass7o@ebay.co.uk,Female,,92648
278,Harland,Mackison,hmackison7p@bbb.org,Male,,4830-264
279,Nolana,Thomke,nthomke7q@purevolume.com,Female,86-8025702,68380-000
280,Armstrong,Aldie,aaldie7r@google.de,Male,,
281,Cirillo,Synder,,Male,26-5419268,
282,Pascal,Riddel,priddel7t@facebook.com,Male,,
283,Mufi,Evett,mevett7u@acquirethisname.com,Female,,
284,Louella,Abley,,Female,,
285,Lorrayne,McMenemy,lmcmenemy7w@blogs.com,Female,75-2231230,39250
286,Reed,Chillistone,,Male,,
287,Fanya,Kilroy,fkilroy7y@sphinn.com,Female,,31150
288,Robinett,Rodrigo,rrodrigo7z@blinklist.com,Female,,
289,Madelle,Rizzello,mrizzello80@sohu.com,Female,,
290,Anatollo,Wyborn,awyborn81@weebly.com,Male,63-8117274,
291,Anderea,Lilliman,alilliman82@accuweather.com,Female,60-3102964,1666
292,Dianemarie,Ranklin,dranklin83@google.com,Female,,162139
293,Fifi,Vasilechko,fvasilechko84@wikimedia.org,Female,,3040-704
294,Fania,Pindar,fpindar85@netscape.com,Female,,262 92
295,Catlaina,Battman,cbattman86@google.fr,Female,,45700-000
296,Lek,Segeswoeth,lsegeswoeth87@admin.ch,Male,,
297,Shaylynn,Papierz,spapierz88@edublogs.org,Female,63-5771743,47302
298,Laurent,Kleine,lkleine89@google.com.au,Male,,
299,Pippa,Benettelli,pbenettelli8a@phoca.cz,Female,,
300,Margaux,Rees,mrees8b@networkadvertising.org,Female,73-9885331,
301,Kahaleel,Linger,klinger8c@google.nl,Male,,99-352
302,Elly,Stickles,estickles8d@facebook.com,Female,,
303,Briano,Malling,bmalling8e@auda.org.au,Male,,54101
304,Rafi,Tarquini,,Male,,46-233
305,Dory,Dearl,ddearl8g@pinterest.com,Female,,399373
306,Riccardo,Dunlop,rdunlop8h@nytimes.com,Male,41-4073715,14400-000
307,Tiff,Oakenford,toakenford8i@edublogs.org,Female,07-2720977,
308,Pippo,Clough,pclough8j@nhs.uk,Male,97-6478794,
309,Cherin,Euplate,,Female,,13205
310,Keane,Twort,ktwort8l@ucoz.com,Male,,
311,Lethia,Clashe,lclashe8m@imgur.com,Female,,4712
312,Becka,Jancar,bjancar8n@fastcompany.com,Female,,
313,Gratia,Bannester,gbannester8o@mlb.com,Female,,
314,Natty,Linne,,Female,,A96
315,Aleece,Seed,aseed8q@cpanel.net,Female,,
316,Oralee,Shackel,oshackel8r@naver.com,Female,,
317,Martino,Hannaford,mhannaford8s@princeton.edu,Male,,4234
318,Ava,Burtenshaw,aburtenshaw8t@comcast.net,Female,25-0826776,
319,Irvine,McInnerny,imcinnerny8u@wikimedia.org,Male,,
320,Lou,Robion,lrobion8v@tmall.com,Female,62-9387932,62600-000
321,Phillipp,Pudsall,ppudsall8w@mysql.com,Male,91-3141996,
322,Corliss,Yakutin,cyakutin8x@slate.com,Female,15-8366296,203-0044
323,Jelene,Brittle,jbrittle8y@ning.com,Female,48-6596631,238703
324,Clarke,Domico,cdomico8z@comcast.net,Male,,69265 CEDEX 09
325,Everard,Pouton,,Male,,
326,Melli,Abrahamowitcz,,Female,,6714
327,Nariko,Lecordier,nlecordier92@icq.com,Female,,
328,Tamara,Lillistone,tlillistone93@photobucket.com,Female,,14449
329,Bernarr,Schult,bschult94@reference.com,Male,,1699
330,Belinda,Sefton,bsefton95@usda.gov,Female,,32274
331,Steffi,Heddon,,Female,,
332,Nani,Ply,,Female,,
333,Pippy,Mastrantone,pmastrantone98@canalblog.com,Female,86-2225670,
334,Consuela,Farfalameev,cfarfalameev99@tumblr.com,Female,,93762
335,Rickard,Gonzales,rgonzales9a@elegantthemes.com,Male,,
336,Nance,Linggood,nlinggood9b@cocolog-nifty.com,Female,11-1787993,2500
337,Galvin,Rubert,grubert9c@skyrock.com,Male,,999-4201
338,Nathalie,Legrand,nlegrand9d@goo.gl,Female,84-5945954,
339,Mona,Grinnikov,mgrinnikov9e@fotki.com,Female,76-9267418,9630-015
340,Ingemar,Fishpool,ifishpool9f@google.com,Male,,
341,Laura,Warsap,lwarsap9g@livejournal.com,Female,57-6559566,665321
342,Cristy,Manvelle,cmanvelle9h@harvard.edu,Female,,59290-000
343,Boycey,Spiteri,bspiteri9i@stumbleupon.com,Male,,816-0097
344,Netty,Cahani,ncahani9j@npr.org,Female,56-3066547,
345,Justino,O'Shaughnessy,joshaughnessy9k@trellian.com,Male,,1623
346,Cristy,Thorold,cthorold9l@opera.com,Female,09-2288204,
347,Asa,Extance,aextance9m@java.com,Male,,L2N
348,Calley,Middle,cmiddle9n@wikimedia.org,Female,,
349,Frederick,Dunseath,fdunseath9o@gizmodo.com,Male,,59500-000
350,Glen,Finding,gfinding9p@loc.gov,Female,33-8562493,DN21
351,Cosme,Spadoni,cspadoni9q@harvard.edu,Male,08-2786711,34114
352,Pier,Lutas,plutas9r@slideshare.net,Female,,
353,Lorry,Willeman,lwilleman9s@reverbnation.com,Female,09-2213200,93762
354,Marty,Needham,mneedham9t@pagesperso-orange.fr,Male,,
355,Kris,Welds,,Male,,20-960
356,Lissi,Leversha,lleversha9v@gravatar.com,Female,,
357,Lela,Michele,lmichele9w@businessinsider.com,Female,98-4596217,
358,Jeffie,Minichi,jminichi9x@sfgate.com,Male,78-0496454,G6W
359,Koenraad,Welds,kwelds9y@bizjournals.com,Male,,
360,Freida,Crockett,fcrockett9z@xing.com,Female,,
361,Belva,Starte,bstartea0@vinaora.com,Female,44-7864282,93335 CEDEX
362,Jessalin,Ivasyushkin,jivasyushkina1@elegantthemes.com,Female,,
363,Ciel,Loving,clovinga2@weibo.com,Female,,
364,Arch,Longea,,Male,81-1239944,14180-000
365,Fielding,Schimank,fschimanka4@bravesites.com,Male,77-2668930,91029 CEDEX
366,Tonya,Cargo,tcargoa5@globo.com,Female,,
367,Morna,Couch,mcoucha6@nydailynews.com,Female,,
368,Phyllis,Stivani,pstivania7@google.pl,Female,,4605-425
369,Stearne,Chivers,schiversa8@mit.edu,Male,,46781
370,Joelynn,Kirgan,jkirgana9@umn.edu,Female,24-0702837,
371,Madelaine,Marshal,mmarshalaa@wunderground.com,Female,34-3008144,
372,Trip,Scoffham,tscoffhamab@digg.com,Male,61-8390870,
373,Fannie,Cotherill,fcotherillac@cloudflare.com,Female,,06239 CEDEX
374,Lynnell,Hackworth,lhackworthad@soup.io,Female,53-0361895,143422
375,Leland,Duckerin,lduckerinae@admin.ch,Male,,38816 CEDEX 1
376,Dominik,Boyn,dboynaf@admin.ch,Male,,
377,Leonidas,Weadick,lweadickag@pcworld.com,Male,59-0266780,356235
378,Krishnah,Pracy,kpracyah@youtube.com,Male,,
379,Leia,Moret,lmoretai@cdbaby.com,Female,46-4650353,2755-025
380,Beale,LLelweln,bllelwelnaj@e-recht24.de,Male,,
381,Allard,McGaraghan,amcgaraghanak@4shared.com,Male,,
382,Gay,Silliman,gsillimanal@microsoft.com,Female,,181019
383,Westleigh,Sigge,wsiggeam@wsj.com,Male,,
384,Shelby,Baldery,sbalderyan@amazon.co.uk,Male,46-9359319,
385,Abie,Lenney,alenneyao@domainmarket.com,Male,,
386,Brenna,Ormrod,bormrodap@skype.com,Female,98-8928952,
387,Gage,De Witt,gdewittaq@cisco.com,Male,71-8472754,
388,Jayson,Leil,,Male,,
389,Lambert,Baldassi,,Male,,503 27
390,Wendye,Kurton,wkurtonat@sciencedaily.com,Female,,
391,Dominga,Coggill,dcoggillau@gnu.org,Female,,51012 CEDEX
392,Devon,Carriage,dcarriageav@freewebs.com,Female,,
393,Wandie,Parmeter,wparmeteraw@ehow.com,Female,,
394,Orson,Giamuzzo,ogiamuzzoax@prlog.org,Male,,3505-125
395,Shaylah,Exelby,sexelbyay@google.com.au,Female,17-9185818,
396,Shelagh,Symington,,Female,63-6908865,
397,Reynard,Eltun,reltunb0@usda.gov,Male,,8664
398,Waylen,Sibbering,wsibberingb1@japanpost.jp,Male,,
399,Link,Birdwistle,lbirdwistleb2@bing.com,Male,,
400,Heath,Anglin,hanglinb3@archive.org,Female,92-4070981,
401,Lombard,Blesli,lbleslib4@flavors.me,Male,,
402,Stafani,Wallbanks,swallbanksb5@skype.com,Female,,8604
403,Hubie,Ascough,hascoughb6@drupal.org,Male,82-7052870,
404,Hyman,Posselow,hposselowb7@digg.com,Male,07-2496374,58031
405,Iain,Marsy,imarsyb8@hp.com,Male,,1497
406,Shepherd,Gonzalez,sgonzalezb9@techcrunch.com,Male,,4620-620
407,Gail,Hansie,ghansieba@timesonline.co.uk,Male,,
408,Eziechiele,Osgar,,Male,68-3803759,
409,Jobey,Bodimeade,,Female,,
410,Pablo,Kime,pkimebd@live.com,Male,,353029
411,William,Cassimer,,Male,32-9917948,397815
412,Brook,Frostdicke,bfrostdickebf@apache.org,Female,56-2143303,1746
413,Bryce,Delgua,bdelguabg@virginia.edu,Male,,40170
414,Derick,Hollidge,dhollidgebh@unblog.fr,Male,76-8969120,P81
415,Sophia,Ager,sagerbi@hibu.com,Female,,69940-000
416,Guglielmo,Winscomb,gwinscombbj@godaddy.com,Male,38-4095714,69924 CEDEX
417,Eloisa,Florez,eflorezbk@nsw.gov.au,Female,,
418,Nonah,Orme,normebl@moonfruit.com,Female,29-4111688,D15
419,Nichole,Valett,nvalettbm@home.pl,Male,,3060-629
420,Roddy,Stanbridge,rstanbridgebn@google.pl,Male,,
421,Philbert,Leverage,,Male,,711 82
422,Graham,MacQuist,gmacquistbp@dailymail.co.uk,Male,,83-262
423,Remington,Simko,rsimkobq@redcross.org,Male,,62-004
424,Abbot,Brisseau,abrisseaubr@shareasale.com,Male,73-7888786,
425,Teddi,Madgwick,tmadgwickbs@sbwire.com,Female,,65170
426,Jaclyn,Remer,jremerbt@yahoo.co.jp,Female,,26130
427,Eloisa,Gorrick,egorrickbu@europa.eu,Female,,6306
428,Sandie,Olyunin,solyuninbv@foxnews.com,Female,42-4783617,
429,Paolo,Brawn,,Male,,P5N
430,Costa,Stollsteiner,cstollsteinerbx@fotki.com,Male,35-7043484,
431,Janette,Trask,,Female,93-7923292,
432,Penni,Bavridge,pbavridgebz@samsung.com,Female,,
433,Zena,Dewhurst,zdewhurstc0@parallels.com,Female,,
434,Innis,Cawsy,icawsyc1@ycombinator.com,Male,66-0917007,
435,Ernie,McDougle,emcdouglec2@prnewswire.com,Male,,618284
436,Bing,Rimour,brimourc3@theatlantic.com,Male,,2970-303
437,Feodor,Suart,,Male,87-4455603,4207
438,Fae,Oswald,,Female,,
439,Gottfried,Hale,ghalec6@wunderground.com,Male,48-3429387,
440,Angie,Collicott,acollicottc7@ox.ac.uk,Female,24-5452844,21747
441,Jerome,Rampley,jrampleyc8@aboutads.info,Male,,
442,Osbourn,Dunan,odunanc9@weebly.com,Male,23-4555116,
443,Lilllie,Van Der Vlies,lvandervliesca@squidoo.com,Female,15-0700041,
444,Baudoin,Duffett,bduffettcb@spiegel.de,Male,98-8164478,591 71
445,Felicity,Glazzard,fglazzardcc@yahoo.co.jp,Female,41-3149547,62984
446,Dionysus,Paulisch,dpaulischcd@ihg.com,Male,,607910
447,Ulysses,Yerrall,uyerrallce@un.org,Male,,
448,Brigham,Pikett,bpikettcf@twitter.com,Male,24-7477724,
449,Carleton,Steadman,csteadmancg@comcast.net,Male,,
450,Gennie,Wortley,gwortleych@patch.com,Female,,R14
451,Ches,Brampton,cbramptonci@dailymotion.com,Male,21-8175661,1111
452,Wernher,Lyosik,wlyosikcj@google.de,Male,97-7165075,
453,Mildrid,Steuart,msteuartck@yahoo.com,Female,,01064
454,Nickey,Agnew,nagnewcl@amazon.com,Male,,40914
455,Bethina,Fardo,,Female,,8264
456,Gisela,Grundey,ggrundeycn@w3.org,Female,03-5985806,
457,Garwin,Antham,,Male,,
458,Casey,Harefoot,charefootcp@twitpic.com,Female,,
459,Bennett,Girvan,bgirvancq@bloglines.com,Male,,
460,Rosemarie,Giddons,rgiddonscr@163.com,Female,,2012
461,Lisbeth,Hug,lhugcs@deviantart.com,Female,82-8209828,55750-000
462,Tomkin,Whawell,twhawellct@scribd.com,Male,,430 01
463,Allistir,Pott,apottcu@sun.com,Male,,8328
464,Kelly,Fishlee,kfishleecv@ustream.tv,Male,03-2353580,
465,Leontyne,Slora,,Female,,
466,Aluin,Bromet,abrometcx@i2i.jp,Male,,
467,Ursa,Brass,ubrasscy@sohu.com,Female,,
468,Iggie,Piwall,ipiwallcz@aol.com,Male,29-5698502,A1K
469,Stuart,Brassill,sbrassilld0@exblog.jp,Male,,4618
470,Chris,Sellstrom,,Female,,3544
471,Trent,Kealey,tkealeyd2@biglobe.ne.jp,Male,,
472,Ruthe,Mapson,rmapsond3@noaa.gov,Female,,152240
473,Wilfrid,Nevinson,wnevinsond4@homestead.com,Male,40-8507189,AD600
474,Harlie,Isted,histedd5@biblegateway.com,Female,,66-450
475,Pasquale,Sach,psachd6@gravatar.com,Male,,295 37
476,Lynnette,Graal,,Female,,
477,Sunshine,Bamell,sbamelld8@jigsy.com,Female,81-0553547,
478,Corena,Popelay,cpopelayd9@prweb.com,Female,,
479,Murial,Strathern,mstrathernda@china.com.cn,Female,,
480,Halley,Gapper,hgapperdb@reddit.com,Female,,
481,Agace,Youles,ayoulesdc@google.cn,Female,93-3310317,45310
482,Manya,Tugman,,Female,43-1600117,36-212
483,Nichole,Peace,,Female,,33175
484,Ardella,Sheerman,asheermandf@usatoday.com,Female,,
485,Isabelle,Emlen,iemlendg@wikia.com,Female,85-6115046,
486,Quincy,Wernham,qwernhamdh@dagondesign.com,Male,55-2926230,8611
487,Hurley,Balthasar,hbalthasardi@amazon.com,Male,,
488,Lorrie,Domsalla,,Male,70-2853316,21-003
489,Nobe,Verrier,nverrierdk@github.com,Male,,47304 CEDEX
490,Tabatha,Joerning,tjoerningdl@wikimedia.org,Female,,26-113
491,Jourdain,Sworn,,Male,,L7A
492,Crystal,Bront,cbrontdn@meetup.com,Female,,2800-011
493,Tyrus,Doelle,tdoelledo@psu.edu,Male,,6012
494,Fairlie,McCard,fmccarddp@technorati.com,Male,85-9670677,451 32
495,Griffith,Kisting,gkistingdq@yelp.com,Male,14-4355431,422338
496,Anastasie,Alekseev,aalekseevdr@unicef.org,Female,48-3283546,49510
497,Milzie,Shillaber,mshillaberds@newyorker.com,Female,80-5520153,
498,Harbert,Ghilks,hghilksdt@ebay.com,Male,97-6445515,367-0251
499,Vanya,Hintzer,vhintzerdu@comsenz.com,Male,,5291
500,Orlando,Mount,omountdv@paginegialle.it,Male,,301233
501,Ermengarde,Chatres,echatresdw@sun.com,Female,,0270
502,Sibelle,Durrington,sdurringtondx@dyndns.org,Female,,
503,Shermie,Squibe,ssquibedy@discovery.com,Male,,91140
504,Che,Haxley,,Male,73-6557703,30001
505,Nerte,Fowlie,nfowliee0@dyndns.org,Female,83-6401987,
506,Imelda,Ambler,,Female,,
507,Yancey,Lisciandri,ylisciandrie2@tinypic.com,Male,66-6582705,
508,Timothee,McGreil,tmcgreile3@reverbnation.com,Male,38-9714751,
509,Hatti,Avann,havanne4@hp.com,Female,74-8922108,
510,Zorah,Eaddy,zeaddye5@i2i.jp,Female,,
511,Inger,Dillow,,Male,,
512,Valery,Storror,vstorrore7@ovh.net,Female,,
513,Tom,Kitter,tkittere8@mediafire.com,Male,,9450
514,Niven,Paskerful,npaskerfule9@answers.com,Male,,37-630
515,Hailee,Roxburgh,hroxburghea@businesswire.com,Female,,454092
516,Karil,Onslow,konsloweb@indiatimes.com,Female,,
517,Aubrey,Whistan,awhistanec@macromedia.com,Male,,
518,Winthrop,Giddons,wgiddonsed@wufoo.com,Male,,
519,Chet,Georgeou,cgeorgeouee@a8.net,Male,,431646
520,Brooks,Gullam,,Female,15-1240069,
521,Gram,Moar,gmoareg@vimeo.com,Male,,
522,Noel,Sweating,nsweatingeh@so-net.ne.jp,Female,,
523,Leigh,Bassil,lbassilei@so-net.ne.jp,Male,31-3932763,
524,Conrad,Elsey,celseyej@parallels.com,Male,,
525,Immanuel,Donnell,idonnellek@taobao.com,Male,,
526,Brnaby,Wren,,Male,,
527,Cherianne,Gadesby,cgadesbyem@marketwatch.com,Female,14-6190145,
528,Maighdiln,Creeghan,mcreeghanen@businesswire.com,Female,,
529,Zara,Priestner,,Female,,500017
530,Kennedy,Decreuze,kdecreuzeep@spiegel.de,Male,,96130
531,Joelle,Whyborne,jwhyborneeq@blogger.com,Female,,891-7611
532,Keeley,Beden,kbedener@cloudflare.com,Female,,3060-681
533,Elinor,Udie,eudiees@springer.com,Female,43-7479652,
534,Adda,Bygate,abygateet@sciencedaily.com,Female,,131 83
535,Stanfield,Kohneke,,Male,37-6706388,58028 CEDEX
536,Alvira,Guerreru,aguerreruev@adobe.com,Female,,
537,Durand,Merrill,dmerrillew@illinois.edu,Male,47-7933840,56-209
538,Harri,Kagan,hkaganex@mlb.com,Female,,
539,Wilton,Patry,wpatryey@java.com,Male,,
540,Tracey,Borkin,tborkinez@businessinsider.com,Male,45-5523100,
541,Matteo,Betancourt,,Male,56-0700591,6116
542,Concettina,Phillott,cphillottf1@microsoft.com,Female,39-1410038,391964
543,Kirbie,Folland,,Female,,
544,Veradis,Pillans,,Female,,96700-000
545,Berenice,De Hooge,bdehoogef4@bloglines.com,Female,15-6003856,62000-000
546,Pernell,Murcott,pmurcottf5@deliciousdays.com,Male,,
547,Bran,Kleisle,bkleislef6@bravesites.com,Male,,90805
548,Graehme,MacAllaster,gmacallasterf7@acquirethisname.com,Male,36-9200987,05-090
549,Linus,Stadding,lstaddingf8@japanpost.jp,Male,,
550,Shelley,Balham,sbalhamf9@walmart.com,Male,,9499
551,Maggee,Laweles,mlawelesfa@tinyurl.com,Female,75-5191488,4900
552,Bernard,Ettels,bettelsfb@sciencedaily.com,Male,,32819
553,Clerc,Dunsmore,cdunsmorefc@irs.gov,Male,,
554,Sherwood,Angrave,sangravefd@free.fr,Male,,
555,Klement,Cleef,kcleeffe@webnode.com,Male,,606448
556,Valdemar,Godard,vgodardff@google.ca,Male,,623850
557,Hewitt,Casemore,hcasemorefg@wsj.com,Male,,06-320
558,Elissa,Tille,,Female,29-9205455,67953 CEDEX 9
559,Pandora,Dearnaley,pdearnaleyfi@vinaora.com,Female,06-1184780,0900
560,Loralee,Showl,lshowlfj@barnesandnoble.com,Female,27-1985837,21120
561,Marsiella,Vevers,,Female,,
562,Katerina,Anersen,kanersenfl@sourceforge.net,Female,,
563,Velma,Bromehead,vbromeheadfm@ed.gov,Female,14-7196482,230507
564,Janaya,Caile,jcailefn@ucla.edu,Female,,
565,Rene,Howselee,rhowseleefo@sina.com.cn,Male,87-4830651,G0E
566,Curtis,Rawlingson,crawlingsonfp@yandex.ru,Male,,47216
567,Boy,Lidgey,,Male,,391237
568,Kessia,Betancourt,kbetancourtfr@wired.com,Female,82-3335815,
569,Andris,Beretta,aberettafs@rambler.ru,Male,,
570,Leela,Ridesdale,lridesdaleft@rediff.com,Female,13-6231149,
571,Adah,Matusiak,amatusiakfu@statcounter.com,Female,,
572,Rodolphe,Nicklinson,rnicklinsonfv@foxnews.com,Male,51-3740211,639-2244
573,Averyl,Shotboult,ashotboultfw@eepurl.com,Female,,
574,Maressa,Pavluk,,Female,,12120
575,Noni,Woodard,nwoodardfy@discovery.com,Female,,P31
576,Lauren,Atling,latlingfz@clickbank.net,Male,,
577,Skippy,Bidmead,sbidmeadg0@adobe.com,Male,,
578,Diann,Greensite,dgreensiteg1@go.com,Female,,
579,Pietra,Vankov,pvankovg2@quantcast.com,Female,22-1943376,
580,Lucretia,Castiblanco,lcastiblancog3@amazon.co.jp,Female,,
581,Riordan,Eicheler,reichelerg4@is.gd,Male,,
582,Horatia,Foulis,hfoulisg5@infoseek.co.jp,Female,,
583,Shae,Danilyuk,sdanilyukg6@go.com,Male,,5179
584,Katine,Dagger,kdaggerg7@lycos.com,Female,08-8148656,769-2101
585,Ellis,Gytesham,,Male,,5610
586,Kamila,Danelut,kdanelutg9@wikipedia.org,Female,,94734 CEDEX
587,Dugald,Tantum,dtantumga@github.io,Male,,
588,Gualterio,Duffree,,Male,15-1597707,
589,Zacharia,Ommanney,zommanneygc@discuz.net,Male,41-9223083,
590,Bradan,Bacchus,,Male,,
591,Isabella,Buckmaster,ibuckmasterge@devhub.com,Female,,
592,Arney,Hughland,ahughlandgf@bizjournals.com,Male,,
593,Iona,Megarrell,imegarrellgg@imageshack.us,Female,67-5512121,
594,Thornton,Loughney,tloughneygh@youku.com,Male,,77645-000
595,L;urette,Habgood,lhabgoodgi@booking.com,Female,,10030
596,Husein,Calvard,hcalvardgj@weebly.com,Male,09-4621255,
597,Deedee,Mayell,dmayellgk@ed.gov,Female,86-9348844,32-112
598,Vikki,Pead,vpeadgl@studiopress.com,Female,,425090
599,Emery,Beddis,,Male,64-2216362,
600,Forrester,Monkley,fmonkleygn@cocolog-nifty.com,Male,,
601,Malissa,Weymont,mweymontgo@china.com.cn,Female,,
602,Vale,Panchin,,Female,,
603,Ansel,Knights,aknightsgq@tumblr.com,Male,82-8242577,656910
604,Davie,Weldon,dweldongr@clickbank.net,Male,14-3435072,
605,Fidole,Simoneschi,fsimoneschigs@netlog.com,Male,43-2342060,
606,Thurstan,Gopsall,,Male,,1808
607,Meggy,Lenden,mlendengu@who.int,Female,83-1540650,6124
608,Christie,Bickardike,,Female,,79176
609,Corby,Barraclough,cbarracloughgw@hud.gov,Male,,761 93
610,Leola,Meritt,lmerittgx@ycombinator.com,Female,,
611,Kelsey,Portman,kportmangy@slate.com,Male,,462781
612,Patricia,Bader,pbadergz@t.co,Female,37-8386132,
613,Yuri,Mulrean,ymulreanh0@mtv.com,Male,60-9944964,5947
614,Kippie,Bogaert,kbogaerth1@nymag.com,Male,75-5842031,04005
615,Felice,Swate,fswateh2@reddit.com,Male,,
616,Olivero,Braywood,obraywoodh3@shareasale.com,Male,39-0663881,
617,Derron,Du Fray,,Male,15-4406453,23568
618,Berti,Earland,bearlandh5@shop-pro.jp,Female,18-8804770,
619,Faina,Draysay,fdraysayh6@ihg.com,Female,,69490-000
620,Gaspard,Abbatini,gabbatinih7@who.int,Male,,
621,Willette,Gheeorghie,wgheeorghieh8@europa.eu,Female,96-3460570,
622,Christabella,Malzard,cmalzardh9@deliciousdays.com,Female,,
623,Lorens,Rubica,lrubicaha@com.com,Male,,
624,Claybourne,Stubs,cstubshb@noaa.gov,Male,61-2138863,11407
625,Joyce,Bolingbroke,,Female,,06-120
626,Rollie,Plumb,rplumbhd@gov.uk,Male,56-7487958,457134
627,Erik,Jeeves,ejeeveshe@cornell.edu,Male,66-0022241,57301
628,Les,Sabattier,lsabattierhf@exblog.jp,Male,24-9363289,
629,Erny,Biggadike,ebiggadikehg@dedecms.com,Male,02-8296126,
630,Bronny,Jelliman,bjellimanhh@opera.com,Male,49-6833622,
631,Gilberta,Vanlint,gvanlinthi@yelp.com,Female,,
632,Shandie,Potapczuk,,Female,,62304 CEDEX
633,Elston,Nutley,enutleyhk@tripod.com,Male,,3700-871
634,Merrie,Shelsher,mshelsherhl@baidu.com,Female,,
635,Nanni,Giraudat,ngiraudathm@4shared.com,Female,72-8260391,11910
636,Lamar,Syddon,lsyddonhn@imgur.com,Male,,2550
637,Sosanna,Dall,sdallho@indiegogo.com,Female,51-9088863,94622
638,Catarina,Dignum,cdignumhp@springer.com,Female,,44-290
639,Patrick,Calterone,pcalteronehq@wiley.com,Male,08-5427508,23568
640,Hillie,Hrynczyk,hhrynczykhr@delicious.com,Male,,44900-000
641,Hanan,Rummin,hrumminhs@scribd.com,Male,,662017
642,Mel,Edwardson,medwardsonht@artisteer.com,Male,,
643,Ula,Sonschein,usonscheinhu@vinaora.com,Female,26-1608966,95560-000
644,Lorie,Grey,,Female,,
645,Maitilde,Yitzhok,myitzhokhw@java.com,Female,,122 44
646,Rurik,Harsnep,rharsnephx@prweb.com,Male,,
647,Trevar,Halms,thalmshy@alexa.com,Male,02-8961310,
648,Magnum,Morritt,mmorritthz@nps.gov,Male,61-4817824,
649,Bili,Norheny,bnorhenyi0@sitemeter.com,Female,,11806
650,Olivier,Brooksbie,obrooksbiei1@gmpg.org,Male,,89110-000
651,Horten,Kirckman,hkirckmani2@arizona.edu,Male,,64390-000
652,Aurea,Cowans,acowansi3@parallels.com,Female,60-3205129,
653,Hilton,Cavil,hcavili4@shutterfly.com,Male,,666679
654,Skip,Van den Dael,svandendaeli5@sun.com,Male,97-0072544,6604
655,Minda,McBain,mmcbaini6@posterous.com,Female,,457654
656,Danette,Josephoff,djosephoffi7@comcast.net,Female,,3800-525
657,Gladi,Dyett,gdyetti8@blinklist.com,Female,,
658,Diannne,Scandrite,dscandritei9@dedecms.com,Female,,
659,Ellette,Hearst,,Female,16-0877025,88375-000
660,Elmore,Burril,,Male,,92844
661,Lucho,Pheazey,,Male,30-2578919,751 82
662,Gregorio,Harrington,gharringtonid@squidoo.com,Male,,9580
663,Corenda,Broomhead,,Female,,
664,Linea,Eseler,leselerif@tumblr.com,Female,,10705
665,Ingrim,Rattrie,irattrieig@rambler.ru,Male,39-6604353,
666,Eachelle,Norbury,,Female,54-4746989,
667,Elisabeth,Oxbury,eoxburyii@businessweek.com,Female,55-0267200,94414 CEDEX
668,Stacey,Ettritch,settritchij@delicious.com,Female,,
669,Bartholomeus,Snibson,bsnibsonik@forbes.com,Male,,
670,Edvard,Macguire,emacguireil@bing.com,Male,,
671,Ange,Phipard-Shears,aphipardshearsim@privacy.gov.au,Female,59-1034186,
672,Jillie,Harraway,jharrawayin@columbia.edu,Female,70-6884584,
673,Juan,Valentinetti,jvalentinettiio@1688.com,Male,,
674,Brigg,Jeenes,bjeenesip@businessinsider.com,Male,,
675,Carma,Lemmen,,Female,20-4458275,429052
676,Fran,Duffrie,fduffrieir@ox.ac.uk,Male,,80804
677,Jemie,Billo,jbillois@sohu.com,Female,93-6580408,13560-000
678,Culley,Parlot,cparlotit@privacy.gov.au,Male,,99-307
679,Aile,Deaton,,Female,93-9228099,
680,Angelle,Skevington,askevingtoniv@booking.com,Female,57-2056589,15240
681,Bethina,Knobell,,Female,,
682,Serena,Milberry,smilberryix@prlog.org,Female,,152240
683,Rand,Rasper,rrasperiy@themeforest.net,Male,65-7922375,33233
684,Eadie,Derill,ederilliz@whitehouse.gov,Female,04-3887888,404622
685,Brooke,De Cruce,bdecrucej0@friendfeed.com,Male,,
686,Nathalia,Bydaway,nbydawayj1@slate.com,Female,06-2026553,
687,Tanner,Roscam,,Male,91-2011632,
688,Susann,Poynor,spoynorj3@usgs.gov,Female,,747-1111
689,Chandal,Fontanet,cfontanetj4@ucoz.ru,Female,71-1128603,2423
690,Cordelie,Brocklehurst,cbrocklehurstj5@hostgator.com,Female,38-5933546,737 32
691,Gillan,Hanshaw,ghanshawj6@slashdot.org,Female,26-7239335,
692,Gabriell,Westmorland,gwestmorlandj7@w3.org,Female,,
693,Fanechka,Domegan,fdomeganj8@reuters.com,Female,,
694,Thorstein,Dorrins,tdorrinsj9@google.it,Male,,23-302
695,Ulrike,Le Barr,ulebarrja@barnesandnoble.com,Female,,
696,Stavro,Janota,sjanotajb@cbc.ca,Male,74-9116228,
697,Xenia,Rymell,,Female,,28225
698,Addie,Treadgold,,Female,,5850
699,Denver,Yann,dyannje@paginegialle.it,Male,,3115
700,Tim,Walsh,twalshjf@fc2.com,Female,,5210-325
701,Sylvester,Magauran,smagauranjg@goodreads.com,Male,49-6862348,
702,Frankie,Martland,fmartlandjh@fotki.com,Female,,
703,Stacee,Minister,sministerji@omniture.com,Male,09-7526214,6217
704,Larina,Rushby,lrushbyjj@hubpages.com,Female,,
705,Davey,Symcox,dsymcoxjk@sciencedirect.com,Male,22-1469680,
706,Maryl,Winckle,mwincklejl@weibo.com,Female,,18-404
707,Guthrie,Vonasek,gvonasekjm@sourceforge.net,Male,,
708,Osbourne,Dumphries,odumphriesjn@1und1.de,Male,77-4308595,
709,Kevina,Boam,kboamjo@bloomberg.com,Female,,631 02
710,Diane,Pyvis,,Female,43-6689852,5460-304
711,Paxon,Vobes,pvobesjq@tmall.com,Male,,13270-000
712,Alica,Popham,apophamjr@independent.co.uk,Female,22-6090653,66617
713,Lillis,Bryde,,Female,,
714,Dimitri,Daffern,,Male,,32-865
715,Oona,Gartell,ogartellju@ibm.com,Female,88-7969588,
716,Barry,Tweddell,btweddelljv@devhub.com,Female,10-2767142,
717,Hodge,Allcott,,Male,16-6360189,
718,Nelli,Scrogges,,Female,,
719,Mara,Callacher,mcallacherjy@reuters.com,Female,,
720,Vernen,Stoneley,,Male,,9100-153
721,Gleda,Davenell,gdavenellk0@un.org,Female,,60618 CEDEX
722,Cornie,MacAndie,cmacandiek1@spiegel.de,Female,,387 34
723,Krishna,Twitty,ktwittyk2@sun.com,Male,,
724,Bryanty,Asipenko,basipenkok3@purevolume.com,Male,,
725,Eran,Royle,,Female,,13700-000
726,Samaria,Hurtic,shurtick5@joomla.org,Female,,
727,Terence,Johanssen,tjohanssenk6@cnn.com,Male,,9200
728,Kiri,Naismith,knaismithk7@va.gov,Female,,19000-000
729,Debi,Croyden,dcroydenk8@bravesites.com,Female,,
730,Amandy,Morgen,amorgenk9@army.mil,Female,06-6256818,6100
731,Jess,Fresson,jfressonka@lulu.com,Female,,
732,Idaline,Foulsham,,Female,,3200
733,Gan,Punyer,gpunyerkc@squarespace.com,Male,,
734,Jervis,Isley,jisleykd@cdc.gov,Male,,
735,Philippine,Rotham,prothamke@state.gov,Female,,
736,Stacia,Tranfield,stranfieldkf@flavors.me,Female,,399-8303
737,Abel,O'Scollain,aoscollainkg@un.org,Male,,
738,Dredi,Kilgannon,dkilgannonkh@php.net,Female,90-0285689,623506
739,Genia,Neeves,gneeveski@webnode.com,Female,,937-0814
740,Aleksandr,McJarrow,,Male,,
741,Rem,Paten,rpatenkk@google.com.hk,Male,67-1970126,792 27
742,Vivyan,Bowring,vbowringkl@tinypic.com,Female,68-6793837,51219
743,Cordy,Sheeran,,Male,,
744,Emelen,Grisedale,egrisedalekn@parallels.com,Male,,4570-198
745,Jeramie,Crellim,jcrellimko@cloudflare.com,Male,,8502
746,Diego,Levermore,dlevermorekp@slideshare.net,Male,,44335 CEDEX 3
747,Clayson,Verity,cveritykq@harvard.edu,Male,68-0347978,
748,Isac,Parradine,iparradinekr@delicious.com,Male,93-6596142,3050-225
749,Sonni,Steward,,Female,74-5176886,59-610
750,Carolus,Trowill,,Male,,7631
751,Boote,Poschel,bposchelku@usnews.com,Male,61-2488906,13205
752,Flori,Gippes,fgippeskv@github.com,Female,80-0857649,17980-000
753,Aime,Purrington,apurringtonkw@admin.ch,Female,,
754,Emlyn,Gouldthorpe,egouldthorpekx@ebay.co.uk,Male,16-8299402,19-411
755,Rikki,Elham,relhamky@qq.com,Male,97-4762758,56199
756,Gabey,Kerin,gkerinkz@goo.gl,Female,76-5529934,796 25
757,Midge,Yve,myvel0@chron.com,Female,,11205
758,Doyle,Staite,dstaitel1@example.com,Male,86-1243763,86800-000
759,Von,Sugar,vsugarl2@storify.com,Male,32-4551799,
760,Guilbert,Townes,gtownesl3@usgs.gov,Male,,
761,Yoko,Dimblebee,ydimblebeel4@tripod.com,Female,,58-564
762,Etheline,Kirman,ekirmanl5@java.com,Female,,
763,Coop,Elderfield,celderfieldl6@go.com,Male,,
764,Adelheid,Skill,askilll7@goodreads.com,Female,,
765,Karlik,Corpe,kcorpel8@harvard.edu,Male,27-2418273,
766,Tracie,Dockreay,tdockreayl9@youtube.com,Male,,30509
767,Gerianna,Halliberton,ghallibertonla@japanpost.jp,Female,,
768,Zach,Rojas,,Male,58-3144395,7631
769,Ainsley,Bozier,abozierlc@comcast.net,Female,,30120
770,Winne,Imos,wimosld@upenn.edu,Female,,
771,Binni,Brownsey,bbrownseyle@reverbnation.com,Female,,
772,Andi,Marcam,amarcamlf@mysql.com,Female,80-1907586,38-324
773,Libbie,Tomanek,ltomaneklg@tinypic.com,Female,05-6946680,
774,Geoff,Aleswell,galeswelllh@whitehouse.gov,Male,,44-196
775,Rolph,Gentile,,Male,,
776,Reade,Liell,rlielllj@vkontakte.ru,Male,90-7935342,
777,Merry,Richens,mrichenslk@npr.org,Female,,
778,Junie,Czaple,,Female,,
779,Alikee,Darch,adarchlm@purevolume.com,Female,61-4048455,34-741
780,Brigitta,Berrane,bberraneln@globo.com,Female,,
781,Asia,Vakhonin,,Female,,
782,Gloria,Oakinfold,goakinfoldlp@github.com,Female,,
783,Silvia,Grigorkin,sgrigorkinlq@canalblog.com,Female,,35600-000
784,Filippo,Triplow,ftriplowlr@plala.or.jp,Male,,
785,Thibaud,Niles,tnilesls@statcounter.com,Male,,763508
786,Delora,Easton,deastonlt@springer.com,Female,63-8470577,
787,Nicolea,Ugoletti,nugolettilu@yelp.com,Female,69-4460933,479-0871
788,Donelle,Tredgold,dtredgoldlv@google.de,Female,55-5725653,
789,Ozzy,Loyndon,,Male,,363604
790,Tabby,Standfield,,Male,,57-201
791,Pamelina,Currm,pcurrmly@symantec.com,Female,,48410-000
792,Selby,Cursey,scurseylz@hugedomains.com,Male,74-6590025,
793,Jaquenetta,Kleinhaut,jkleinhautm0@cmu.edu,Female,,
794,Giacobo,Thoms,,Male,40-9440462,
795,Perrine,Gunda,pgundam2@who.int,Female,,
796,Zedekiah,McTeggart,zmcteggartm3@admin.ch,Male,56-1037332,
797,Cart,Caulwell,,Male,,5473
798,Alonzo,Cadell,acadellm5@baidu.com,Male,,
799,Collen,Eagleton,ceagletonm6@twitter.com,Female,,422549
800,Stacey,Tennewell,stennewellm7@typepad.com,Female,,430 01
801,Christiana,Walstow,,Female,98-9452583,
802,Quinlan,Balstone,qbalstonem9@ifeng.com,Male,32-1250924,
803,Orren,Tredwell,otredwellma@prnewswire.com,Male,,
804,Anne-corinne,Backler,abacklermb@miibeian.gov.cn,Female,,899-5241
805,Charlotta,Scoffham,cscoffhammc@weebly.com,Female,,
806,Fernando,Shobrook,fshobrookmd@nba.com,Male,84-9574207,294 01
807,Wren,Volonte,wvolonteme@plala.or.jp,Female,,
808,Dell,Peggs,dpeggsmf@domainmarket.com,Female,87-1784247,
809,Artemus,Nelsen,anelsenmg@parallels.com,Male,10-1658073,
810,Ceil,Gisbye,cgisbyemh@lycos.com,Female,15-7139197,135067
811,Corie,MacRirie,cmacririemi@alibaba.com,Female,02-8486562,18680-000
812,Margareta,Wildt,,Female,,
813,Kellby,Polini,kpolinimk@earthlink.net,Male,,
814,Iolande,Petrakov,ipetrakovml@dell.com,Female,,43900-000
815,Aloysia,Choldcroft,acholdcroftmm@nba.com,Female,79-7869026,
816,Carin,Ellams,cellamsmn@vkontakte.ru,Female,,
817,Butch,Pittam,bpittammo@examiner.com,Male,98-9062221,
818,Marcel,Zeal,mzealmp@networksolutions.com,Male,,
819,Humfried,Palluschek,hpalluschekmq@intel.com,Male,45-3976820,
820,Giffy,Poznanski,gpoznanskimr@zdnet.com,Male,96-4722390,
821,Blondelle,Schoales,bschoalesms@indiegogo.com,Female,,
822,Dalton,Aveling,davelingmt@ow.ly,Male,,
823,Gaelan,Markham,gmarkhammu@purevolume.com,Male,49-7805011,05-540
824,Cherianne,Kenton,,Female,,253608
825,Inger,Witherop,iwitheropmw@wordpress.org,Female,19-1420065,8305
826,Korney,Cecere,kceceremx@bigcartel.com,Female,,141707
827,Esmaria,Rahill,erahillmy@redcross.org,Female,60-2127091,546559
828,Ezmeralda,Ferrarello,eferrarellomz@ehow.com,Female,,
829,Celia,Lantaff,,Female,,1177
830,Jo,Goatcher,jgoatchern1@flavors.me,Male,,
831,Edeline,Saunt,esauntn2@photobucket.com,Female,28-4127526,
832,Stefano,Dishmon,sdishmonn3@noaa.gov,Male,,
833,Patten,Peskin,ppeskinn4@bloomberg.com,Male,,404102
834,Greg,Beardall,gbeardalln5@state.gov,Male,,
835,Alley,Simper,asimpern6@github.io,Male,,E45
836,Corine,Sottell,,Female,,29795-000
837,Dawn,Runchman,drunchmann8@opera.com,Female,80-4983268,30430
838,Linnet,Hammonds,,Female,71-0926112,303580
839,Electra,Anglim,eanglimna@zdnet.com,Female,50-5233462,
840,Veronika,Corkill,vcorkillnb@dmoz.org,Female,29-0022854,5216
841,Cosme,Towndrow,ctowndrownc@360.cn,Male,11-4382149,39-210
842,Faith,Matterface,fmatterfacend@elegantthemes.com,Female,67-1975198,
843,Ken,Blondel,kblondelne@1688.com,Male,,
844,Gianna,Janssens,gjanssensnf@kickstarter.com,Female,,4990-690
845,Francisca,Brantl,,Female,78-0005012,13937 CEDEX 20
846,Forester,Burd,fburdnh@bing.com,Male,21-1767660,8430
847,Baxter,Pope,bpopeni@statcounter.com,Male,75-3743491,4645
848,Ambrose,Chaplyn,achaplynnj@narod.ru,Male,,4745-375
849,Marv,O'Duilleain,moduilleainnk@hugedomains.com,Male,25-0655423,
850,Maddie,Goricke,,Female,42-2962517,89862-000
851,Yvon,Domenichelli,ydomenichellinm@moonfruit.com,Male,32-4651252,83-440
852,Shawn,Quennell,squennellnn@bravesites.com,Female,,
853,Rafaellle,Sainteau,,Male,,60201
854,Genovera,Nisbith,gnisbithnp@ftc.gov,Female,,
855,Nehemiah,Haggish,,Male,30-5149276,243366
856,Concettina,Kroch,ckrochnr@discuz.net,Female,,
857,Raleigh,Kirckman,rkirckmanns@omniture.com,Male,,742-2807
858,Gery,Saterthwait,gsaterthwaitnt@icio.us,Male,95-0424606,
859,Major,Spieght,mspieghtnu@issuu.com,Male,,
860,Celestia,Siggin,csigginnv@opensource.org,Female,00-7543547,
861,Deana,Yeoman,dyeomannw@ca.gov,Female,,54015
862,Oralie,Lakenton,olakentonnx@tripadvisor.com,Female,11-7682845,
863,Sayer,Ciobotaru,sciobotaruny@pinterest.com,Male,,
864,Kaine,Vockins,kvockinsnz@sciencedirect.com,Male,47-4319265,861088
865,Wrennie,Tessier,wtessiero0@elegantthemes.com,Female,71-1469267,649792
866,Lucius,Everingham,leveringhamo1@shinystat.com,Male,,
867,Amelie,Pittet,apitteto2@census.gov,Female,49-5748865,
868,Shannon,Bolesma,sbolesmao3@ow.ly,Male,,
869,Karel,Bacchus,,Female,,
870,Ollie,Terese,otereseo5@ezinearticles.com,Male,42-6801502,
871,Diann,Licciardi,dlicciardio6@squidoo.com,Female,38-6402201,83-262
872,Trix,O' Donohue,,Female,,
873,Rosemaria,Roizin,rroizino8@csmonitor.com,Female,,
874,Lila,Dowsing,ldowsingo9@networksolutions.com,Female,,25190
875,Alysia,Gilson,agilsonoa@aboutads.info,Female,,14-310
876,Emmott,Leyman,eleymanob@deliciousdays.com,Male,,2657
877,Augustus,Polglase,,Male,66-0643058,363104
878,Bobbee,Luggar,bluggarod@narod.ru,Female,09-4907732,13110
879,Ricki,McAllester,,Male,23-4614962,
880,Filippo,Sommerscales,fsommerscalesof@cdc.gov,Male,66-7863213,
881,Juan,Iddons,jiddonsog@businessinsider.com,Male,,
882,Darleen,Waskett,,Female,03-7601016,446 38
883,Robinette,Gerrey,rgerreyoi@mayoclinic.com,Female,,
884,Gardy,Ghidoli,gghidolioj@etsy.com,Male,70-1771968,356423
885,Kellia,Sepey,ksepeyok@samsung.com,Female,20-9334608,9024
886,Agnesse,Gianilli,agianilliol@princeton.edu,Female,76-3840093,D13
887,Sada,Leglise,slegliseom@qq.com,Female,98-7510029,B3S
888,Byran,Krysztofowicz,bkrysztofowiczon@i2i.jp,Male,,4701
889,Alane,Membry,amembryoo@booking.com,Female,,77529 CEDEX
890,Jen,Rickeard,jrickeardop@howstuffworks.com,Female,,
891,Clarance,Lowndes,clowndesoq@yale.edu,Male,,D04
892,Happy,Davenell,hdavenellor@twitpic.com,Female,58-9422525,
893,Niel,Coatsworth,,Male,66-2765392,68231
894,Morey,Goldsack,mgoldsackot@ocn.ne.jp,Male,04-7508034,999-7767
895,Bridgette,Haley,bhaleyou@businesswire.com,Female,42-2875723,P47
896,Irvine,Wylam,iwylamov@mashable.com,Male,52-0299192,49274
897,Caritta,Cassie,ccassieow@dot.gov,Female,24-9729309,
898,Nefen,Markos,nmarkosox@google.com,Male,,
899,Chandler,Meardon,cmeardonoy@businessweek.com,Male,,921 33
900,Gardy,Porrett,,Male,,1227
901,Deidre,Matushevich,dmatushevichp0@dot.gov,Female,,332 24
902,Stevy,Rennison,srennisonp1@ucla.edu,Male,79-3959484,
903,Dave,Barthel,dbarthelp2@bing.com,Male,,
904,Arabel,Pinwell,apinwellp3@time.com,Female,,
905,Ruthi,Pandey,,Female,72-2843040,739 24
906,Daisey,Johnikin,djohnikinp5@state.gov,Female,,801 06
907,Kerwinn,Hegden,khegdenp6@yolasite.com,Male,92-8358789,
908,Karlen,Danniell,kdanniellp7@senate.gov,Female,07-3172941,9601
909,Aloisia,Brixey,abrixeyp8@bing.com,Female,,957-0048
910,Merle,Heaffey,mheaffeyp9@nyu.edu,Female,,
911,Petronia,Rugiero,prugieropa@csmonitor.com,Female,,
912,Eirena,Carberry,ecarberrypb@scribd.com,Female,12-6796545,356501
913,Goldia,Drinan,,Female,86-4029051,39204
914,Dallas,Binyon,dbinyonpd@woothemes.com,Male,,02015
915,Phelia,Vosper,pvosperpe@phoca.cz,Female,,46-220
916,Verena,Tregidgo,vtregidgopf@google.com.hk,Female,,
917,Darell,Yanshinov,dyanshinovpg@mlb.com,Female,,
918,Alf,Birtwisle,abirtwisleph@apple.com,Male,31-5498020,
919,Damon,Le Estut,dleestutpi@icq.com,Male,,35351
920,Terrell,Donan,tdonanpj@hibu.com,Male,71-1523573,
921,Julianne,Seaborn,jseabornpk@archive.org,Female,,684517
922,Shaw,Siret,ssiretpl@hhs.gov,Male,,356024
923,Serge,Sodo,ssodopm@sciencedirect.com,Male,28-9719955,
924,Leonard,Giraux,lgirauxpn@cmu.edu,Male,,
925,Minny,Nassy,mnassypo@issuu.com,Female,,7032
926,Florenza,Cookes,,Female,,53085 CEDEX 9
927,Julienne,Hattiff,jhattiffpq@tamu.edu,Female,,53000
928,Blake,Rizzello,brizzellopr@mac.com,Male,58-3111072,2309
929,Lisha,Mattersley,lmattersleyps@omniture.com,Female,,
930,Josy,McGorman,jmcgormanpt@home.pl,Female,,
931,Juditha,O' Donohoe,jodonohoepu@gnu.org,Female,,
932,Humphrey,Armour,harmourpv@home.pl,Male,81-2671170,
933,Estel,Kirley,ekirleypw@bloglovin.com,Female,,
934,Florella,Cosans,fcosanspx@surveymonkey.com,Female,55-0555389,63019 CEDEX 2
935,Lona,Skeech,lskeechpy@geocities.com,Female,,
936,Chery,McCalum,cmccalumpz@cpanel.net,Female,,44004 CEDEX 1
937,Elliott,Bytheway,ebythewayq0@digg.com,Male,18-2471140,321-4342
938,Carolin,Scanlon,,Female,,417 52
939,Sanderson,Georgel,sgeorgelq2@slashdot.org,Male,13-9125458,71180
940,Matthiew,Tidbold,mtidboldq3@si.edu,Male,,
941,Lazarus,Sauvan,lsauvanq4@mit.edu,Male,,
942,Danya,Seak,dseakq5@wix.com,Female,,142507
943,Sherwynd,Borley,sborleyq6@tinypic.com,Male,,
944,Emeline,Jacob,ejacobq7@home.pl,Female,,
945,Micheil,Dallin,mdallinq8@oakley.com,Male,,
946,Ardeen,Kingswoode,akingswoodeq9@bing.com,Female,,
947,Gorden,Loveredge,gloveredgeqa@google.it,Male,,051468
948,Sunny,Dumbelton,sdumbeltonqb@cafepress.com,Male,,
949,Wash,Bernhardt,,Male,,
950,Jandy,Biermatowicz,,Female,,32-503
951,Loutitia,Spring,lspringqe@hp.com,Female,77-3762249,3400-455
952,Candace,Dorot,,Female,,
953,Dory,Bramley,dbramleyqg@slideshare.net,Female,,
954,Marcia,Plewman,mplewmanqh@google.com,Female,18-5153852,
955,Orson,Gerbel,ogerbelqi@ebay.co.uk,Male,,K8B
956,Cecily,Brouncker,cbrounckerqj@unblog.fr,Female,,67124 CEDEX
957,Alfred,Stelfax,astelfaxqk@cloudflare.com,Male,,
958,Aguie,Wolver,awolverql@who.int,Male,24-9934384,
959,Eduard,Snoden,,Male,81-8401932,
960,Norene,Doerffer,ndoerfferqn@ucoz.ru,Female,08-8286847,
961,Wildon,Scutcheon,wscutcheonqo@hatena.ne.jp,Male,,
962,Louisette,Hiscocks,lhiscocksqp@wikipedia.org,Female,,
963,Ira,Cristoforetti,,Female,,
964,Rayshell,Broxup,,Female,90-0441319,43-436
965,Carla,Stebbing,cstebbingqs@pinterest.com,Female,39-1071323,366526
966,Evey,Twigg,,Female,39-6452901,6419
967,Christy,Craddy,,Male,,
968,Tammi,Burgne,tburgneqv@cbc.ca,Female,36-2024630,
969,Kania,Tombleson,ktomblesonqw@virginia.edu,Female,43-5168021,74-120
970,Carin,McGown,cmcgownqx@furl.net,Female,,
971,Bambie,Lande,blandeqy@fotki.com,Female,55-0364880,8601
972,Stavros,Hurn,shurnqz@geocities.com,Male,30-5191784,02004
973,Krystal,Waterson,kwatersonr0@addthis.com,Female,,34-741
974,Lusa,Deabill,ldeabillr1@bandcamp.com,Female,07-0704389,44-370
975,Ian,Mussington,imussingtonr2@prweb.com,Male,,
976,Brody,Hirtzmann,bhirtzmannr3@pagesperso-orange.fr,Male,15-5975286,02701
977,Woodie,Jacobowicz,wjacobowiczr4@google.ca,Male,,
978,Heall,Kingsley,hkingsleyr5@cdbaby.com,Male,,601430
979,Melvin,Jecks,mjecksr6@weebly.com,Male,,
980,Charin,Pitcaithly,cpitcaithlyr7@hugedomains.com,Female,,
981,May,Alcido,malcidor8@oracle.com,Female,,
982,Simmonds,Lucio,,Male,,
983,Ezra,Figura,efigurara@cam.ac.uk,Male,,
984,Ninnetta,Stivens,,Female,35-8559629,
985,Jenna,Bispo,jbisporc@dedecms.com,Female,00-6220930,
986,Adelle,Whitnall,awhitnallrd@smugmug.com,Female,72-2049154,2550-523
987,Kacy,McCusker,kmccuskerre@devhub.com,Female,,44790-000
988,Shantee,Rouchy,srouchyrf@networksolutions.com,Female,,07304 CEDEX
989,Corabella,Brockbank,cbrockbankrg@hao123.com,Female,62-6543346,
990,Sherilyn,Allmond,sallmondrh@opensource.org,Female,,592 01
991,Erasmus,Smorthit,esmorthitri@time.com,Male,,06-320
992,Marcellina,Wiburn,,Female,,8106
993,Burty,Coode,bcooderk@foxnews.com,Male,50-0120532,
994,Thane,Renzullo,trenzullorl@prlog.org,Male,,
995,Kale,Dugald,kdugaldrm@bloglines.com,Male,74-3605630,8970-255
996,Delcine,Henfre,dhenfrern@trellian.com,Female,,
997,Maxie,De Launde,,Male,89-5043455,
998,Laird,Kohn,lkohnrp@whitehouse.gov,Male,69-9950612,
999,Herbert,Burris,hburrisrq@goo.ne.jp,Male,,427060
1000,Addie,Cassey,acasseyrr@dell.com,Female,,
